,Name,State abbreviation
0,Alabama A & M University,Alabama
1,University of Alabama at Birmingham,Alabama
2,Amridge University,Alabama
3,University of Alabama in Huntsville,Alabama
4,Alabama State University,Alabama
5,The University of Alabama,Alabama
6,Athens State University,Alabama
7,Auburn University at Montgomery,Alabama
8,Auburn University,Alabama
9,Birmingham Southern College,Alabama
10,Concordia College Alabama,Alabama
11,Faulkner University,Alabama
12,Huntingdon College,Alabama
13,Jacksonville State University,Alabama
14,Judson College,Alabama
15,University of West Alabama,Alabama
16,Miles College,Alabama
17,University of Mobile,Alabama
18,University of Montevallo,Alabama
19,University of North Alabama,Alabama
20,Oakwood University,Alabama
21,Samford University,Alabama
22,University of South Alabama,Alabama
23,Spring Hill College,Alabama
24,Stillman College,Alabama
25,Talladega College,Alabama
26,Troy University,Alabama
27,Tuskegee University,Alabama
28,University of Alaska Anchorage,Alaska
29,University of Alaska Fairbanks,Alaska
30,University of Alaska Southeast,Alaska
31,Alaska Pacific University,Alaska
32,American Indian College of the Assemblies of God Inc,Arizona
33,Arizona State University-Tempe,Arizona
34,University of Arizona,Arizona
35,Embry-Riddle Aeronautical University-Prescott,Arizona
36,Northern Arizona University,Arizona
37,Ottawa University-Phoenix,Arizona
38,Prescott College,Arizona
39,Arizona Christian University,Arizona
40,University of Arkansas at Little Rock,Arkansas
41,Arkansas Baptist College,Arkansas
42,Lyon College,Arkansas
43,University of Arkansas,Arkansas
44,University of Arkansas at Pine Bluff,Arkansas
45,Arkansas State University-Main Campus,Arkansas
46,Arkansas Tech University,Arkansas
47,University of Arkansas at Monticello,Arkansas
48,University of Central Arkansas,Arkansas
49,Central Baptist College,Arkansas
50,Harding University,Arkansas
51,Henderson State University,Arkansas
52,Hendrix College,Arkansas
53,John Brown University,Arkansas
54,Ouachita Baptist University,Arkansas
55,University of the Ozarks,Arkansas
56,Philander Smith College,Arkansas
57,Williams Baptist College,Arkansas
58,Southern Arkansas University Main Campus,Arkansas
59,University of Arkansas-Fort Smith,Arkansas
60,Azusa Pacific University,California
61,Biola University,California
62,California Institute of Integral Studies,California
63,California Baptist University,California
64,California Institute of Technology,California
65,California Lutheran University,California
66,California Polytechnic State University-San Luis Obispo,California
67,Alliant International University,California
68,California State University-Bakersfield,California
69,California State University-Stanislaus,California
70,California State University-San Bernardino,California
71,California State Polytechnic University-Pomona,California
72,California State University-Chico,California
73,California State University-Dominguez Hills,California
74,California State University-Fresno,California
75,California State University-Fullerton,California
76,California State University-East Bay,California
77,California State University-Long Beach,California
78,California State University-Los Angeles,California
79,California State University-Northridge,California
80,California State University-Sacramento,California
81,University of California-Berkeley,California
82,University of California-Davis,California
83,University of California-Irvine,California
84,University of California-Los Angeles,California
85,University of California-Riverside,California
86,University of California-San Diego,California
87,University of California-Santa Barbara,California
88,University of California-Santa Cruz,California
89,California Maritime Academy,California
90,Chapman University,California
91,Concordia University-Irvine,California
92,San Diego Christian College,California
93,Claremont Graduate University,California
94,Claremont McKenna College,California
95,Coleman University,California
96,Dominican University of California,California
97,Fielding Graduate University,California
98,Fresno Pacific University,California
99,Golden Gate University-San Francisco,California
100,Harvey Mudd College,California
101,Holy Names University,California
102,Humboldt State University,California
103,Humphreys College-Stockton and Modesto Campuses,California
104,John F Kennedy University,California
105,American Jewish University,California
106,University of La Verne,California
107,Lincoln University,California
108,La Sierra University,California
109,The Master's College and Seminary,California
110,Loyola Marymount University,California
111,Menlo College,California
112,Mills College,California
113,Monterey Institute of International Studies,California
114,Mount St Mary's College,California
115,National University,California
116,Notre Dame de Namur University,California
117,Occidental College,California
118,Hope International University,California
119,Pacific Union College,California
120,University of the Pacific,California
121,Pepperdine University,California
122,Pitzer College,California
123,Point Loma Nazarene University,California
124,Pomona College,California
125,University of Redlands,California
126,San Diego State University,California
127,University of San Diego,California
128,San Francisco State University,California
129,University of San Francisco,California
130,San Jose State University,California
131,Santa Clara University,California
132,Scripps College,California
133,Simpson University,California
134,Saint Mary's College of California,California
135,Sonoma State University,California
136,Vanguard University of Southern California,California
137,University of Southern California,California
138,Thomas Aquinas College,California
139,Westmont College,California
140,Whittier College,California
141,Woodbury University,California
142,Adams State University,Colorado
143,University of Colorado Denver,Colorado
144,University of Colorado Colorado Springs,Colorado
145,University of Colorado Boulder,Colorado
146,Colorado Christian University,Colorado
147,Colorado College,Colorado
148,Colorado School of Mines,Colorado
149,Colorado State University-Fort Collins,Colorado
150,College America-Denver,Colorado
151,University of Denver,Colorado
152,Fort Lewis College,Colorado
153,Colorado Mesa University,Colorado
154,Metropolitan State University of Denver,Colorado
155,Naropa University,Colorado
156,University of Northern Colorado,Colorado
157,Regis University,Colorado
158,Colorado State University-Pueblo,Colorado
159,Western State Colorado University,Colorado
160,Albertus Magnus College,Connecticut
161,University of Bridgeport,Connecticut
162,Central Connecticut State University,Connecticut
163,Charter Oak State College,Connecticut
164,Connecticut College,Connecticut
165,University of Connecticut,Connecticut
166,Eastern Connecticut State University,Connecticut
167,Fairfield University,Connecticut
168,Rensselaer Hartford Graduate Center Inc,Connecticut
169,University of Hartford,Connecticut
170,Mitchell College,Connecticut
171,University of New Haven,Connecticut
172,Quinnipiac University,Connecticut
173,Sacred Heart University,Connecticut
174,University of Saint Joseph,Connecticut
175,Southern Connecticut State University,Connecticut
176,Trinity College,Connecticut
177,Wesleyan University,Connecticut
178,Western Connecticut State University,Connecticut
179,Yale University,Connecticut
180,Delaware State University,Delaware
181,University of Delaware,Delaware
182,Wesley College,Delaware
183,Wilmington University,Delaware
184,American University,District of Columbia
185,Catholic University of America,District of Columbia
186,University of the District of Columbia,District of Columbia
187,Gallaudet University,District of Columbia
188,George Washington University,District of Columbia
189,Georgetown University,District of Columbia
190,Howard University,District of Columbia
191,Trinity Washington University,District of Columbia
192,Barry University,Florida
193,Bethune-Cookman University,Florida
194,Lynn University,Florida
195,Carlos Albizu University-Miami,Florida
196,University of Central Florida,Florida
197,Clearwater Christian College,Florida
198,Eckerd College,Florida
199,Edward Waters College,Florida
200,Embry-Riddle Aeronautical University-Daytona Beach,Florida
201,Florida Agricultural and Mechanical University,Florida
202,Florida Atlantic University,Florida
203,Flagler College-St Augustine,Florida
204,Florida College,Florida
205,Florida Institute of Technology,Florida
206,Florida International University,Florida
207,Florida Memorial University,Florida
208,Florida Southern College,Florida
209,Florida State University,Florida
210,University of Florida,Florida
211,Jacksonville University,Florida
212,Jones College-Jacksonville,Florida
213,Keiser University-Ft Lauderdale,Florida
214,Trinity International University-Florida,Florida
215,University of Miami,Florida
216,Remington College-Tampa Campus,Florida
217,University of North Florida,Florida
218,Nova Southeastern University,Florida
219,Palm Beach Atlantic University,Florida
220,Rollins College,Florida
221,Saint Leo University,Florida
222,St Petersburg College,Florida
223,University of South Florida-Main Campus,Florida
224,St Thomas University,Florida
225,Stetson University,Florida
226,Southeastern University,Florida
227,The University of Tampa,Florida
228,Warner University,Florida
229,Webber International University,Florida
230,The University of West Florida,Florida
231,Agnes Scott College,Georgia
232,Albany State University,Georgia
233,Armstrong Atlantic State University,Georgia
234,Point University,Georgia
235,Clark Atlanta University,Georgia
236,Berry College,Georgia
237,Brenau University,Georgia
238,Brewton-Parker College,Georgia
239,Clayton  State University,Georgia
240,Columbus State University,Georgia
241,Covenant College,Georgia
242,Dalton State College,Georgia
243,Emmanuel College,Georgia
244,Emory University,Georgia
245,Fort Valley State University,Georgia
246,Georgia Institute of Technology-Main Campus,Georgia
247,Georgia Southwestern State University,Georgia
248,Georgia College and State University,Georgia
249,Georgia Southern University,Georgia
250,Georgia State University,Georgia
251,University of Georgia,Georgia
252,Kennesaw State University,Georgia
253,LaGrange College,Georgia
254,Life University,Georgia
255,Mercer University,Georgia
256,Morehouse College,Georgia
257,University of North Georgia,Georgia
258,Oglethorpe University,Georgia
259,Paine College,Georgia
260,Piedmont College,Georgia
261,Reinhardt University,Georgia
262,Savannah State University,Georgia
263,Shorter University,Georgia
264,Spelman College,Georgia
265,Southern Polytechnic State University,Georgia
266,Thomas University,Georgia
267,Toccoa Falls College,Georgia
268,Truett-McConnell College,Georgia
269,Valdosta State University,Georgia
270,Wesleyan College,Georgia
271,University of West Georgia,Georgia
272,Chaminade University of Honolulu,Hawaii
273,University of Hawaii at Hilo,Hawaii
274,University of Hawaii at Manoa,Hawaii
275,Hawaii Pacific University,Hawaii
276,University of Hawaii-West Oahu,Hawaii
277,Boise State University,Idaho
278,Idaho State University,Idaho
279,University of Idaho,Idaho
280,The College of Idaho,Idaho
281,Lewis-Clark State College,Idaho
282,Northwest Nazarene University,Idaho
283,Brigham Young University-Idaho,Idaho
284,Augustana College,Illinois
285,Aurora University,Illinois
286,Blackburn College,Illinois
287,Bradley University,Illinois
288,Chicago State University,Illinois
289,University of Chicago,Illinois
290,Columbia College-Chicago,Illinois
291,Concordia University-Chicago,Illinois
292,DePaul University,Illinois
293,East-West University,Illinois
294,Eastern Illinois University,Illinois
295,Elmhurst College,Illinois
296,Eureka College,Illinois
297,Governors State University,Illinois
298,Greenville College,Illinois
299,University of Illinois at Chicago,Illinois
300,Benedictine University,Illinois
301,University of Illinois at Urbana-Champaign,Illinois
302,Illinois Wesleyan University,Illinois
303,Illinois College,Illinois
304,Illinois Institute of Technology,Illinois
305,Illinois State University,Illinois
306,Judson University,Illinois
307,Knox College,Illinois
308,Lake Forest College,Illinois
309,Lewis University,Illinois
310,Lincoln College,Illinois
311,Loyola University Chicago,Illinois
312,MacMurray College,Illinois
313,McKendree University,Illinois
314,Millikin University,Illinois
315,Monmouth College,Illinois
316,National Louis University,Illinois
317,North Central College,Illinois
318,North Park University,Illinois
319,Northern Illinois University,Illinois
320,Northwestern University,Illinois
321,Northeastern Illinois University,Illinois
322,Olivet Nazarene University,Illinois
323,Quincy University,Illinois
324,Robert Morris University Illinois,Illinois
325,Rockford University,Illinois
326,Roosevelt University,Illinois
327,Dominican University,Illinois
328,University of St Francis,Illinois
329,Saint Xavier University,Illinois
330,University of Illinois at Springfield,Illinois
331,Shimer College,Illinois
332,Southern Illinois University-Carbondale,Illinois
333,Southern Illinois University-Edwardsville,Illinois
334,Trinity Christian College,Illinois
335,Trinity International University-Illinois,Illinois
336,Western Illinois University,Illinois
337,Wheaton College,Illinois
338,Anderson University,Indiana
339,Ball State University,Indiana
340,Bethel College-Indiana,Indiana
341,Butler University,Indiana
342,Calumet College of Saint Joseph,Indiana
343,DePauw University,Indiana
344,Earlham College,Indiana
345,University of Evansville,Indiana
346,Franklin College,Indiana
347,Goshen College,Indiana
348,Grace College and Theological Seminary,Indiana
349,Hanover College,Indiana
350,Holy Cross College,Indiana
351,Huntington University,Indiana
352,Indiana University-Purdue University-Fort Wayne,Indiana
353,Indiana University-Purdue University-Indianapolis,Indiana
354,University of Indianapolis,Indiana
355,University of Southern Indiana,Indiana
356,Indiana State University,Indiana
357,Indiana University-Kokomo,Indiana
358,Indiana University-South Bend,Indiana
359,Indiana University-Bloomington,Indiana
360,Indiana University-Northwest,Indiana
361,Indiana University-Southeast,Indiana
362,Indiana University-East,Indiana
363,Manchester University,Indiana
364,Marian University,Indiana
365,Indiana Wesleyan University,Indiana
366,Martin University,Indiana
367,University of Notre Dame,Indiana
368,Oakland City University,Indiana
369,Purdue University-Calumet Campus,Indiana
370,Purdue University-North Central Campus,Indiana
371,University of Saint Francis-Fort Wayne,Indiana
372,Saint Josephs College,Indiana
373,Saint Mary-of-the-Woods College,Indiana
374,Saint Mary's College,Indiana
375,Taylor University,Indiana
376,Trine University,Indiana
377,Valparaiso University,Indiana
378,Wabash College,Indiana
379,Briar Cliff University,Iowa
380,Buena Vista University,Iowa
381,Central College,Iowa
382,Clarke University,Iowa
383,Coe College,Iowa
384,Cornell College,Iowa
385,Dordt College,Iowa
386,Drake University,Iowa
387,University of Dubuque,Iowa
388,Graceland University-Lamoni,Iowa
389,Grand View University,Iowa
390,Grinnell College,Iowa
391,Iowa State University,Iowa
392,Iowa Wesleyan College,Iowa
393,University of Iowa,Iowa
394,Loras College,Iowa
395,Luther College,Iowa
396,Maharishi University of Management,Iowa
397,Morningside College,Iowa
398,Mount Mercy University,Iowa
399,University of Northern Iowa,Iowa
400,Northwestern College,Iowa
401,Saint Ambrose University,Iowa
402,Simpson College,Iowa
403,Upper Iowa University,Iowa
404,Wartburg College,Iowa
405,William Penn University,Iowa
406,Baker University,Kansas
407,Benedictine College,Kansas
408,Bethany College,Kansas
409,Bethel College-North Newton,Kansas
410,Central Christian College of Kansas,Kansas
411,Donnelly College,Kansas
412,Emporia State University,Kansas
413,Fort Hays State University,Kansas
414,Friends University,Kansas
415,University of Kansas,Kansas
416,Newman University,Kansas
417,Kansas State University,Kansas
418,Kansas Wesleyan University,Kansas
419,McPherson College,Kansas
420,MidAmerica Nazarene University,Kansas
421,Ottawa University-Ottawa,Kansas
422,Ottawa University-Kansas City,Kansas
423,Pittsburg State University,Kansas
424,University of Saint Mary,Kansas
425,Southwestern College,Kansas
426,Sterling College,Kansas
427,Tabor College,Kansas
428,Washburn University,Kansas
429,Wichita State University,Kansas
430,Alice Lloyd College,Kentucky
431,Asbury University,Kentucky
432,Bellarmine University,Kentucky
433,Berea College,Kentucky
434,Brescia University,Kentucky
435,Campbellsville University,Kentucky
436,Centre College,Kentucky
437,University of the Cumberlands,Kentucky
438,Eastern Kentucky University,Kentucky
439,Georgetown College,Kentucky
440,Kentucky State University,Kentucky
441,Kentucky Wesleyan College,Kentucky
442,University of Kentucky,Kentucky
443,Kentucky Christian University,Kentucky
444,Lindsey Wilson College,Kentucky
445,University of Louisville,Kentucky
446,Mid-Continent University,Kentucky
447,Midway College,Kentucky
448,Morehead State University,Kentucky
449,Murray State University,Kentucky
450,Northern Kentucky University,Kentucky
451,University of Pikeville,Kentucky
452,Saint Catharine College,Kentucky
453,Spalding University,Kentucky
454,Thomas More College,Kentucky
455,Transylvania University,Kentucky
456,Union College,Kentucky
457,Western Kentucky University,Kentucky
458,Centenary College of Louisiana,Louisiana
459,Dillard University,Louisiana
460,Grambling State University,Louisiana
461,Louisiana State University-Alexandria,Louisiana
462,Louisiana State University and Agricultural & Mechanical College,Louisiana
463,Louisiana State University-Shreveport,Louisiana
464,Louisiana College,Louisiana
465,Louisiana Tech University,Louisiana
466,Loyola University New Orleans,Louisiana
467,McNeese State University,Louisiana
468,University of New Orleans,Louisiana
469,Nicholls State University,Louisiana
470,University of Louisiana at Monroe,Louisiana
471,Northwestern State University of Louisiana,Louisiana
472,Our Lady of Holy Cross College,Louisiana
473,Southeastern Louisiana University,Louisiana
474,Southern University and A & M College,Louisiana
475,Southern University at New Orleans,Louisiana
476,University of Louisiana at Lafayette,Louisiana
477,Tulane University of Louisiana,Louisiana
478,Xavier University of Louisiana,Louisiana
479,College of the Atlantic,Maine
480,Bates College,Maine
481,Bowdoin College,Maine
482,Colby College,Maine
483,Husson University,Maine
484,University of Maine at Augusta,Maine
485,University of Maine at Farmington,Maine
486,University of Maine at Fort Kent,Maine
487,University of Maine at Machias,Maine
488,University of Maine,Maine
489,Maine Maritime Academy,Maine
490,University of Maine at Presque Isle,Maine
491,University of New England,Maine
492,Saint Joseph's College of Maine,Maine
493,University of Southern Maine,Maine
494,Thomas College,Maine
495,Unity College,Maine
496,University of Baltimore,Maryland
497,Bowie State University,Maryland
498,Washington Adventist University,Maryland
499,Coppin State University,Maryland
500,Frostburg State University,Maryland
501,Goucher College,Maryland
502,Hood College,Maryland
503,Johns Hopkins University,Maryland
504,Loyola University Maryland,Maryland
505,University of Maryland-University College,Maryland
506,University of Maryland-Baltimore County,Maryland
507,University of Maryland-College Park,Maryland
508,University of Maryland Eastern Shore,Maryland
509,Morgan State University,Maryland
510,Mount St Mary's University,Maryland
511,Notre Dame of Maryland University,Maryland
512,Salisbury University,Maryland
513,St Mary's College of Maryland,Maryland
514,Sojourner-Douglass College,Maryland
515,St John's College,Maryland
516,Towson University,Maryland
517,Maryland University of Integrative Health,Maryland
518,Stevenson University,Maryland
519,Washington College,Maryland
520,McDaniel College,Maryland
521,American International College,Massachusetts
522,Amherst College,Massachusetts
523,Anna Maria College,Massachusetts
524,Assumption College,Massachusetts
525,Bay Path College,Massachusetts
526,Becker College,Massachusetts
527,Bentley University,Massachusetts
528,Boston College,Massachusetts
529,Boston University,Massachusetts
530,Brandeis University,Massachusetts
531,Bridgewater State University,Massachusetts
532,Cambridge College,Massachusetts
533,Clark University,Massachusetts
534,Curry College,Massachusetts
535,Eastern Nazarene College,Massachusetts
536,Emerson College,Massachusetts
537,Emmanuel College,Massachusetts
538,Endicott College,Massachusetts
539,Fisher College,Massachusetts
540,Fitchburg State University,Massachusetts
541,Framingham State University,Massachusetts
542,Gordon College,Massachusetts
543,Hampshire College,Massachusetts
544,Harvard University,Massachusetts
545,College of the Holy Cross,Massachusetts
546,Lasell College,Massachusetts
547,Lesley University,Massachusetts
548,University of Massachusetts-Lowell,Massachusetts
549,University of Massachusetts-Amherst,Massachusetts
550,University of Massachusetts-Boston,Massachusetts
551,Massachusetts Institute of Technology,Massachusetts
552,Massachusetts Maritime Academy,Massachusetts
553,Merrimack College,Massachusetts
554,Mount Holyoke College,Massachusetts
555,Mount Ida College,Massachusetts
556,Newbury College,Massachusetts
557,Nichols College,Massachusetts
558,Massachusetts College of Liberal Arts,Massachusetts
559,Northeastern University,Massachusetts
560,College of Our Lady of the Elms,Massachusetts
561,Pine Manor College,Massachusetts
562,Salem State University,Massachusetts
563,Simmons College,Massachusetts
564,Bard College at Simon's Rock,Massachusetts
565,Smith College,Massachusetts
566,Springfield College,Massachusetts
567,University of Massachusetts-Dartmouth,Massachusetts
568,Stonehill College,Massachusetts
569,Suffolk University,Massachusetts
570,Tufts University,Massachusetts
571,Wellesley College,Massachusetts
572,Wentworth Institute of Technology,Massachusetts
573,Western New England University,Massachusetts
574,Westfield State University,Massachusetts
575,Wheaton College,Massachusetts
576,Wheelock College,Massachusetts
577,Williams College,Massachusetts
578,Worcester Polytechnic Institute,Massachusetts
579,Worcester State University,Massachusetts
580,Adrian College,Michigan
581,Albion College,Michigan
582,Alma College,Michigan
583,Andrews University,Michigan
584,Aquinas College,Michigan
585,Baker College of Owosso,Michigan
586,Baker College of Flint,Michigan
587,Calvin College,Michigan
588,Central Michigan University,Michigan
589,Concordia University-Ann Arbor,Michigan
590,Davenport University,Michigan
591,University of Detroit Mercy,Michigan
592,Eastern Michigan University,Michigan
593,Ferris State University,Michigan
594,Kettering University,Michigan
595,Grace Bible College,Michigan
596,Cornerstone University,Michigan
597,Grand Valley State University,Michigan
598,Hope College,Michigan
599,Kalamazoo College,Michigan
600,Lake Superior State University,Michigan
601,Lawrence Technological University,Michigan
602,Madonna University,Michigan
603,Marygrove College,Michigan
604,Rochester College,Michigan
605,University of Michigan-Ann Arbor,Michigan
606,Michigan State University,Michigan
607,Michigan Technological University,Michigan
608,University of Michigan-Dearborn,Michigan
609,University of Michigan-Flint,Michigan
610,Baker College of Muskegon,Michigan
611,Northern Michigan University,Michigan
612,Oakland University,Michigan
613,Olivet College,Michigan
614,Kuyper College,Michigan
615,Saginaw Valley State University,Michigan
616,Siena Heights University,Michigan
617,Spring Arbor University,Michigan
618,Finlandia University,Michigan
619,Wayne State University,Michigan
620,Western Michigan University,Michigan
621,Augsburg College,Minnesota
622,Bemidji State University,Minnesota
623,Bethany Lutheran College,Minnesota
624,Bethel University,Minnesota
625,Carleton College,Minnesota
626,Concordia College at Moorhead,Minnesota
627,Concordia University-Saint Paul,Minnesota
628,Martin Luther College,Minnesota
629,Gustavus Adolphus College,Minnesota
630,Hamline University,Minnesota
631,Macalester College,Minnesota
632,Minnesota State University-Mankato,Minnesota
633,Metropolitan State University,Minnesota
634,University of Minnesota-Twin Cities,Minnesota
635,University of Minnesota-Crookston,Minnesota
636,University of Minnesota-Duluth,Minnesota
637,University of Minnesota-Morris,Minnesota
638,Minnesota State University-Moorhead,Minnesota
639,North Central University,Minnesota
640,University of Northwestern-St Paul,Minnesota
641,College of Saint Benedict,Minnesota
642,Saint Cloud State University,Minnesota
643,Saint Johns University,Minnesota
644,Saint Mary's University of Minnesota,Minnesota
645,St Olaf College,Minnesota
646,Crown College,Minnesota
647,The College of Saint Scholastica,Minnesota
648,University of St Thomas,Minnesota
649,St Catherine University,Minnesota
650,Southwest Minnesota State University,Minnesota
651,Winona State University,Minnesota
652,Alcorn State University,Mississippi
653,Belhaven University,Mississippi
654,Blue Mountain College,Mississippi
655,Delta State University,Mississippi
656,Jackson State University,Mississippi
657,Millsaps College,Mississippi
658,University of Mississippi,Mississippi
659,Mississippi University for Women,Mississippi
660,Mississippi Valley State University,Mississippi
661,Mississippi College,Mississippi
662,Mississippi State University,Mississippi
663,Rust College,Mississippi
664,University of Southern Mississippi,Mississippi
665,Tougaloo College,Mississippi
666,William Carey University,Mississippi
667,Avila University,Missouri
668,Central Methodist University-College of Liberal Arts and Sciences,Missouri
669,University of Central Missouri,Missouri
670,Columbia College,Missouri
671,Culver-Stockton College,Missouri
672,Drury University,Missouri
673,Evangel University,Missouri
674,Fontbonne University,Missouri
675,Hannibal-LaGrange University,Missouri
676,Harris-Stowe State University,Missouri
677,Lincoln University,Missouri
678,Lindenwood University,Missouri
679,Maryville University of Saint Louis,Missouri
680,Missouri Baptist University,Missouri
681,Missouri Southern State University,Missouri
682,Missouri Valley College,Missouri
683,Missouri Western State University,Missouri
684,University of Missouri-Columbia,Missouri
685,University of Missouri-Kansas City,Missouri
686,Missouri University of Science and Technology,Missouri
687,University of Missouri-St Louis,Missouri
688,Truman State University,Missouri
689,Northwest Missouri State University,Missouri
690,College of the Ozarks,Missouri
691,Park University,Missouri
692,Rockhurst University,Missouri
693,Saint Louis University,Missouri
694,Southwest Baptist University,Missouri
695,Stephens College,Missouri
696,Southeast Missouri State University,Missouri
697,Missouri State University-Springfield,Missouri
698,Washington University in St Louis,Missouri
699,Webster University,Missouri
700,Westminster College,Missouri
701,William Jewell College,Missouri
702,William Woods University,Missouri
703,Carroll College,Montana
704,Montana State University-Billings,Montana
705,University of Great Falls,Montana
706,Montana Tech of the University of Montana,Montana
707,Montana State University,Montana
708,The University of Montana,Montana
709,Montana State University-Northern,Montana
710,Rocky Mountain College,Montana
711,The University of Montana-Western,Montana
712,Bellevue University,Nebraska
713,Chadron State College,Nebraska
714,Concordia University-Nebraska,Nebraska
715,Creighton University,Nebraska
716,Doane College-Crete,Nebraska
717,Grace University,Nebraska
718,Hastings College,Nebraska
719,University of Nebraska at Kearney,Nebraska
720,Midland University,Nebraska
721,University of Nebraska at Omaha,Nebraska
722,Nebraska Wesleyan University,Nebraska
723,University of Nebraska-Lincoln,Nebraska
724,Peru State College,Nebraska
725,College of Saint Mary,Nebraska
726,Union College,Nebraska
727,Wayne State College,Nebraska
728,York College,Nebraska
729,University of Nevada-Las Vegas,Nevada
730,University of Nevada-Reno,Nevada
731,Great Basin College,Nevada
732,Sierra Nevada College,Nevada
733,Colby-Sawyer College,New Hampshire
734,Dartmouth College,New Hampshire
735,Franklin Pierce University,New Hampshire
736,New England College,New Hampshire
737,Southern New Hampshire University,New Hampshire
738,University of New Hampshire-Main Campus,New Hampshire
739,Keene State College,New Hampshire
740,University of New Hampshire at Manchester,New Hampshire
741,Plymouth State University,New Hampshire
742,Rivier University,New Hampshire
743,Saint Anselm College,New Hampshire
744,Granite State College,New Hampshire
745,Thomas More College of Liberal Arts,New Hampshire
746,Bloomfield College,New Jersey
747,Caldwell College,New Jersey
748,Centenary College,New Jersey
749,Drew University,New Jersey
750,Fairleigh Dickinson University-Metropolitan Campus,New Jersey
751,Felician College,New Jersey
752,Fairleigh Dickinson University-College at Florham,New Jersey
753,Georgian Court University,New Jersey
754,Rowan University,New Jersey
755,New Jersey City University,New Jersey
756,Kean University,New Jersey
757,Monmouth University,New Jersey
758,Montclair State University,New Jersey
759,New Jersey Institute of Technology,New Jersey
760,Princeton University,New Jersey
761,Ramapo College of New Jersey,New Jersey
762,Rider University,New Jersey
763,Rutgers University-Camden,New Jersey
764,Rutgers University-New Brunswick,New Jersey
765,Rutgers University-Newark,New Jersey
766,Saint Peter's University,New Jersey
767,Seton Hall University,New Jersey
768,College of Saint Elizabeth,New Jersey
769,Stevens Institute of Technology,New Jersey
770,The Richard Stockton College of New Jersey,New Jersey
771,Thomas Edison State College,New Jersey
772,The College of New Jersey,New Jersey
773,William Paterson University of New Jersey,New Jersey
774,Eastern New Mexico University-Main Campus,New Mexico
775,New Mexico Highlands University,New Mexico
776,New Mexico Institute of Mining and Technology,New Mexico
777,University of New Mexico-Main Campus,New Mexico
778,New Mexico State University-Main Campus,New Mexico
779,Northern New Mexico College,New Mexico
780,University of the Southwest,New Mexico
781,Western New Mexico University,New Mexico
782,Vaughn College of Aeronautics and Technology,New York
783,Adelphi University,New York
784,Alfred University,New York
785,Bard College,New York
786,Barnard College,New York
787,Boricua College,New York
788,Canisius College,New York
789,Cazenovia College,New York
790,Clarkson University,New York
791,Colgate University,New York
792,Metropolitan College of New York,New York
793,Columbia University in the City of New York,New York
794,Concordia College-New York,New York
795,Cooper Union for the Advancement of Science and Art,New York
796,Cornell University,New York
797,CUNY Bernard M Baruch College,New York
798,CUNY Brooklyn College,New York
799,College of Staten Island CUNY,New York
800,CUNY City College,New York
801,CUNY Graduate School and University Center,New York
802,CUNY Hunter College,New York
803,CUNY John Jay College of Criminal Justice,New York
804,CUNY Lehman College,New York
805,CUNY Medgar Evers College,New York
806,CUNY New York City College of Technology,New York
807,CUNY Queens College,New York
808,CUNY York College,New York
809,D'Youville College,New York
810,Daemen College,New York
811,Dominican College of Blauvelt,New York
812,Dowling College,New York
813,Elmira College,New York
814,Fashion Institute of Technology,New York
815,Fordham University,New York
816,Hamilton College,New York
817,Hartwick College,New York
818,Hilbert College,New York
819,Hobart William Smith Colleges,New York
820,Hofstra University,New York
821,Houghton College,New York
822,Iona College,New York
823,Ithaca College,New York
824,Keuka College,New York
825,Le Moyne College,New York
826,LIU Brooklyn,New York
827,LIU Post,New York
828,LIU Brentwood,New York
829,Manhattan College,New York
830,Manhattanville College,New York
831,Marist College,New York
832,Marymount Manhattan College,New York
833,Medaille College,New York
834,Mercy College,New York
835,Molloy College,New York
836,Mount Saint Mary College,New York
837,College of Mount Saint Vincent,New York
838,Nazareth College,New York
839,The College of New Rochelle,New York
840,The New School,New York
841,New York University,New York
842,Niagara University,New York
843,New York Institute of Technology,New York
844,Nyack College,New York
845,Pace University-New York,New York
846,Paul Smiths College of Arts and Science,New York
847,Polytechnic Institute of New York University,New York
848,Rensselaer Polytechnic Institute,New York
849,Roberts Wesleyan College,New York
850,Rochester Institute of Technology,New York
851,University of Rochester,New York
852,The Sage Colleges,New York
853,St Bonaventure University,New York
854,St Francis College,New York
855,St Lawrence University,New York
856,The College of Saint Rose,New York
857,St Thomas Aquinas College,New York
858,Sarah Lawrence College,New York
859,Siena College,New York
860,Skidmore College,New York
861,Saint Joseph's College-New York,New York
862,Saint John Fisher College,New York
863,St John's University-New York,New York
864,SUNY College of Technology at Alfred,New York
865,SUNY College of Technology at Canton,New York
866,SUNY College of Technology at Delhi,New York
867,SUNY College of Agriculture and Technology at Cobleskill,New York
868,Farmingdale State College,New York
869,Morrisville State College,New York
870,SUNY at Albany,New York
871,SUNY at Binghamton,New York
872,University at Buffalo,New York
873,Stony Brook University,New York
874,SUNY College of Environmental Science and Forestry,New York
875,SUNY Institute of Technology at Utica-Rome,New York
876,SUNY College at Brockport,New York
877,Buffalo State SUNY,New York
878,SUNY College at Cortland,New York
879,SUNY at Fredonia,New York
880,SUNY College at Geneseo,New York
881,State University of New York at New Paltz,New York
882,SUNY Oneonta,New York
883,SUNY College at Oswego,New York
884,SUNY College at Potsdam,New York
885,SUNY at Purchase College,New York
886,SUNY College at Old Westbury,New York
887,SUNY College at Plattsburgh,New York
888,SUNY Empire State College,New York
889,SUNY Maritime College,New York
890,Syracuse University,New York
891,Teachers College at Columbia University,New York
892,Touro College,New York
893,Excelsior College,New York
894,Union College,New York
895,United States Merchant Marine Academy,New York
896,Utica College,New York
897,Vassar College,New York
898,Wagner College,New York
899,Wells College,New York
900,Yeshiva University,New York
901,Appalachian State University,North Carolina
902,Barton College,North Carolina
903,Belmont Abbey College,North Carolina
904,Bennett College,North Carolina
905,Brevard College,North Carolina
906,Campbell University,North Carolina
907,Catawba College,North Carolina
908,Chowan University,North Carolina
909,Davidson College,North Carolina
910,Duke University,North Carolina
911,East Carolina University,North Carolina
912,Elizabeth City State University,North Carolina
913,Elon University,North Carolina
914,Fayetteville State University,North Carolina
915,Gardner-Webb University,North Carolina
916,Greensboro College,North Carolina
917,Guilford College,North Carolina
918,High Point University,North Carolina
919,Johnson C Smith University,North Carolina
920,Lees-McRae College,North Carolina
921,Lenoir-Rhyne University,North Carolina
922,Livingstone College,North Carolina
923,Mars Hill University,North Carolina
924,Meredith College,North Carolina
925,Methodist University,North Carolina
926,Montreat College,North Carolina
927,Mount Olive College,North Carolina
928,North Carolina A & T State University,North Carolina
929,University of North Carolina at Asheville,North Carolina
930,University of North Carolina at Chapel Hill,North Carolina
931,University of North Carolina at Charlotte,North Carolina
932,University of North Carolina at Greensboro,North Carolina
933,North Carolina Central University,North Carolina
934,North Carolina State University at Raleigh,North Carolina
935,North Carolina Wesleyan College,North Carolina
936,University of North Carolina Wilmington,North Carolina
937,William Peace University,North Carolina
938,University of North Carolina at Pembroke,North Carolina
939,Pfeiffer University,North Carolina
940,Queens University of Charlotte,North Carolina
941,Mid-Atlantic Christian University,North Carolina
942,Saint Augustine's University,North Carolina
943,Salem College,North Carolina
944,Shaw University,North Carolina
945,St Andrews University,North Carolina
946,Wake Forest University,North Carolina
947,Warren Wilson College,North Carolina
948,Wingate University,North Carolina
949,Winston-Salem State University,North Carolina
950,Western Carolina University,North Carolina
951,Dickinson State University,North Dakota
952,University of Jamestown,North Dakota
953,University of Mary,North Dakota
954,Mayville State University,North Dakota
955,Minot State University,North Dakota
956,University of North Dakota,North Dakota
957,North Dakota State University-Main Campus,North Dakota
958,Valley City State University,North Dakota
959,University of Akron Main Campus,Ohio
960,Ashland University,Ohio
961,Baldwin Wallace University,Ohio
962,Bluffton University,Ohio
963,Bowling Green State University-Main Campus,Ohio
964,Capital University,Ohio
965,Case Western Reserve University,Ohio
966,Cedarville University,Ohio
967,Central State University,Ohio
968,University of Cincinnati-Main Campus,Ohio
969,Ohio Christian University,Ohio
970,Cleveland State University,Ohio
971,University of Dayton,Ohio
972,Defiance College,Ohio
973,Denison University,Ohio
974,The University of Findlay,Ohio
975,Heidelberg University,Ohio
976,Hiram College,Ohio
977,John Carroll University,Ohio
978,Kent State University at Salem,Ohio
979,Kent State University at Kent,Ohio
980,Kenyon College,Ohio
981,Lake Erie College,Ohio
982,Lourdes University,Ohio
983,Malone University,Ohio
984,Marietta College,Ohio
985,Miami University-Oxford,Ohio
986,University of Mount Union,Ohio
987,Mount Vernon Nazarene University,Ohio
988,College of Mount St Joseph,Ohio
989,Muskingum University,Ohio
990,Notre Dame College,Ohio
991,Oberlin College,Ohio
992,Ohio Dominican University,Ohio
993,Ohio Northern University,Ohio
994,Ohio State University-Lima Campus,Ohio
995,Ohio State University-Mansfield Campus,Ohio
996,Ohio State University-Marion Campus,Ohio
997,Ohio State University-Newark Campus,Ohio
998,Ohio State University-Main Campus,Ohio
999,Ohio University-Main Campus,Ohio
1000,Ohio Wesleyan University,Ohio
1001,Otterbein University,Ohio
1002,University of Rio Grande,Ohio
1003,Shawnee State University,Ohio
1004,Franciscan University of Steubenville,Ohio
1005,Tiffin University,Ohio
1006,University of Toledo,Ohio
1007,Union Institute & University,Ohio
1008,Urbana University,Ohio
1009,Ursuline College,Ohio
1010,Walsh University,Ohio
1011,Wilberforce University,Ohio
1012,Wilmington College,Ohio
1013,Wittenberg University,Ohio
1014,The College of Wooster,Ohio
1015,Wright State University-Main Campus,Ohio
1016,Xavier University,Ohio
1017,Youngstown State University,Ohio
1018,Bacone College,Oklahoma
1019,Oklahoma Wesleyan University,Oklahoma
1020,Southern Nazarene University,Oklahoma
1021,Cameron University,Oklahoma
1022,University of Central Oklahoma,Oklahoma
1023,East Central University,Oklahoma
1024,Langston University,Oklahoma
1025,Northeastern State University,Oklahoma
1026,Northwestern Oklahoma State University,Oklahoma
1027,Oklahoma Christian University,Oklahoma
1028,Oklahoma Panhandle State University,Oklahoma
1029,Oklahoma State University-Main Campus,Oklahoma
1030,Oklahoma Baptist University,Oklahoma
1031,Oklahoma City University,Oklahoma
1032,University of Oklahoma-Norman Campus,Oklahoma
1033,Oral Roberts University,Oklahoma
1034,Rogers State University,Oklahoma
1035,Saint Gregory's University,Oklahoma
1036,University of Science and Arts of Oklahoma,Oklahoma
1037,Southeastern Oklahoma State University,Oklahoma
1038,Southwestern Christian University,Oklahoma
1039,Southwestern Oklahoma State University,Oklahoma
1040,University of Tulsa,Oklahoma
1041,Concordia University-Portland,Oregon
1042,Eastern Oregon University,Oregon
1043,George Fox University,Oregon
1044,Lewis & Clark College,Oregon
1045,Linfield College-McMinnville Campus,Oregon
1046,Marylhurst University,Oregon
1047,Northwest Christian University,Oregon
1048,Oregon Institute of Technology,Oregon
1049,Oregon State University,Oregon
1050,University of Oregon,Oregon
1051,Pacific University,Oregon
1052,Portland State University,Oregon
1053,University of Portland,Oregon
1054,Reed College,Oregon
1055,Southern Oregon University,Oregon
1056,Warner Pacific College,Oregon
1057,Corban University,Oregon
1058,Willamette University,Oregon
1059,Western Oregon University,Oregon
1060,Bryn Athyn College of the New Church,Pennsylvania
1061,Albright College,Pennsylvania
1062,Allegheny College,Pennsylvania
1063,DeSales University,Pennsylvania
1064,Alvernia University,Pennsylvania
1065,Arcadia University,Pennsylvania
1066,Bloomsburg University of Pennsylvania,Pennsylvania
1067,Bryn Mawr College,Pennsylvania
1068,Bucknell University,Pennsylvania
1069,Cabrini College,Pennsylvania
1070,California University of Pennsylvania,Pennsylvania
1071,Carlow University,Pennsylvania
1072,Carnegie Mellon University,Pennsylvania
1073,Cedar Crest College,Pennsylvania
1074,Chatham University,Pennsylvania
1075,Chestnut Hill College,Pennsylvania
1076,Cheyney University of Pennsylvania,Pennsylvania
1077,Clarion University of Pennsylvania,Pennsylvania
1078,Delaware Valley College,Pennsylvania
1079,Dickinson College,Pennsylvania
1080,Drexel University,Pennsylvania
1081,Duquesne University,Pennsylvania
1082,East Stroudsburg University of Pennsylvania,Pennsylvania
1083,Eastern University,Pennsylvania
1084,Edinboro University of Pennsylvania,Pennsylvania
1085,Elizabethtown College,Pennsylvania
1086,Franklin and Marshall College,Pennsylvania
1087,Gannon University,Pennsylvania
1088,Geneva College,Pennsylvania
1089,Gettysburg College,Pennsylvania
1090,Gratz College,Pennsylvania
1091,Gwynedd Mercy University,Pennsylvania
1092,Haverford College,Pennsylvania
1093,Holy Family University,Pennsylvania
1094,Immaculata University,Pennsylvania
1095,Indiana University of Pennsylvania-Main Campus,Pennsylvania
1096,Juniata College,Pennsylvania
1097,Keystone College,Pennsylvania
1098,King's College,Pennsylvania
1099,Kutztown University of Pennsylvania,Pennsylvania
1100,La Roche College,Pennsylvania
1101,La Salle University,Pennsylvania
1102,Lafayette College,Pennsylvania
1103,Lebanon Valley College,Pennsylvania
1104,Lehigh University,Pennsylvania
1105,Lincoln University of Pennsylvania,Pennsylvania
1106,Lock Haven University,Pennsylvania
1107,Lycoming College,Pennsylvania
1108,Mansfield University of Pennsylvania,Pennsylvania
1109,Marywood University,Pennsylvania
1110,Mercyhurst University,Pennsylvania
1111,Messiah College,Pennsylvania
1112,Millersville University of Pennsylvania,Pennsylvania
1113,Misericordia University,Pennsylvania
1114,Moravian College,Pennsylvania
1115,Mount Aloysius College,Pennsylvania
1116,Muhlenberg College,Pennsylvania
1117,Neumann University,Pennsylvania
1118,Pennsylvania State University-Penn State Erie-Behrend College,Pennsylvania
1119,Pennsylvania State University-Penn State Great Valley,Pennsylvania
1120,Pennsylvania State University-Penn State New Kensington,Pennsylvania
1121,Pennsylvania State University-Penn State Shenango,Pennsylvania
1122,Pennsylvania State University-Penn State Wilkes-Barre,Pennsylvania
1123,Pennsylvania State University-Penn State Worthington Scranton,Pennsylvania
1124,Pennsylvania State University-Penn State Lehigh Valley,Pennsylvania
1125,Pennsylvania State University-Penn State Altoona,Pennsylvania
1126,Pennsylvania State University-Penn State Beaver,Pennsylvania
1127,Pennsylvania State University-Penn State Berks,Pennsylvania
1128,Pennsylvania State University-Penn State Harrisburg,Pennsylvania
1129,Pennsylvania State University-Penn State Brandywine,Pennsylvania
1130,Pennsylvania State University-Penn State Dubois,Pennsylvania
1131,Pennsylvania State University-Penn State Fayette- Eberly,Pennsylvania
1132,Pennsylvania State University-Penn State Hazleton,Pennsylvania
1133,Pennsylvania State University-Main Campus,Pennsylvania
1134,Pennsylvania State University-Penn State Greater Allegheny,Pennsylvania
1135,Pennsylvania State University-Penn State Mont Alto,Pennsylvania
1136,Pennsylvania State University-Penn State Abington,Pennsylvania
1137,Pennsylvania State University-Penn State Schuylkill,Pennsylvania
1138,Pennsylvania State University-Penn State York,Pennsylvania
1139,Peirce College,Pennsylvania
1140,University of Pennsylvania,Pennsylvania
1141,Philadelphia University,Pennsylvania
1142,Cairn University-Langhorne,Pennsylvania
1143,University of Pittsburgh-Bradford,Pennsylvania
1144,University of Pittsburgh-Greensburg,Pennsylvania
1145,University of Pittsburgh-Johnstown,Pennsylvania
1146,University of Pittsburgh-Pittsburgh Campus,Pennsylvania
1147,Point Park University,Pennsylvania
1148,Robert Morris University,Pennsylvania
1149,Rosemont College,Pennsylvania
1150,Saint Francis University,Pennsylvania
1151,Saint Joseph's University,Pennsylvania
1152,Saint Vincent College,Pennsylvania
1153,University of Scranton,Pennsylvania
1154,Seton Hill University,Pennsylvania
1155,Shippensburg University of Pennsylvania,Pennsylvania
1156,Slippery Rock University of Pennsylvania,Pennsylvania
1157,Susquehanna University,Pennsylvania
1158,Swarthmore College,Pennsylvania
1159,Temple University,Pennsylvania
1160,Thiel College,Pennsylvania
1161,Ursinus College,Pennsylvania
1162,Valley Forge Christian College,Pennsylvania
1163,Villanova University,Pennsylvania
1164,Washington & Jefferson College,Pennsylvania
1165,Waynesburg University,Pennsylvania
1166,West Chester University of Pennsylvania,Pennsylvania
1167,Westminster College,Pennsylvania
1168,Widener University-Main Campus,Pennsylvania
1169,Wilkes University,Pennsylvania
1170,Wilson College,Pennsylvania
1171,York College Pennsylvania,Pennsylvania
1172,Brown University,Rhode Island
1173,Bryant University,Rhode Island
1174,Johnson & Wales University-Providence,Rhode Island
1175,New England Institute of Technology,Rhode Island
1176,Providence College,Rhode Island
1177,Rhode Island College,Rhode Island
1178,University of Rhode Island,Rhode Island
1179,Roger Williams University,Rhode Island
1180,Salve Regina University,Rhode Island
1181,Allen University,South Carolina
1182,Anderson University,South Carolina
1183,Charleston Southern University,South Carolina
1184,Benedict College,South Carolina
1185,Southern Wesleyan University,South Carolina
1186,College of Charleston,South Carolina
1187,Citadel Military College of South Carolina,South Carolina
1188,Claflin University,South Carolina
1189,Clemson University,South Carolina
1190,Coker College,South Carolina
1191,Columbia International University,South Carolina
1192,Columbia College,South Carolina
1193,Converse College,South Carolina
1194,Erskine College,South Carolina
1195,Francis Marion University,South Carolina
1196,Furman University,South Carolina
1197,Lander University,South Carolina
1198,Limestone College,South Carolina
1199,Morris College,South Carolina
1200,Newberry College,South Carolina
1201,North Greenville University,South Carolina
1202,Presbyterian College,South Carolina
1203,University of South Carolina-Aiken,South Carolina
1204,University of South Carolina-Beaufort,South Carolina
1205,University of South Carolina-Columbia,South Carolina
1206,Coastal Carolina University,South Carolina
1207,South Carolina State University,South Carolina
1208,University of South Carolina-Upstate,South Carolina
1209,Voorhees College,South Carolina
1210,Winthrop University,South Carolina
1211,Wofford College,South Carolina
1212,Augustana College,South Dakota
1213,Black Hills State University,South Dakota
1214,Dakota State University,South Dakota
1215,Dakota Wesleyan University,South Dakota
1216,Mount Marty College,South Dakota
1217,Northern State University,South Dakota
1218,Presentation College,South Dakota
1219,South Dakota State University,South Dakota
1220,University of Sioux Falls,South Dakota
1221,University of South Dakota,South Dakota
1222,Aquinas College,Tennessee
1223,Austin Peay State University,Tennessee
1224,Belmont University,Tennessee
1225,Bethel University,Tennessee
1226,Bryan College-Dayton,Tennessee
1227,Carson-Newman University,Tennessee
1228,Christian Brothers University,Tennessee
1229,Cumberland University,Tennessee
1230,Lipscomb University,Tennessee
1231,East Tennessee State University,Tennessee
1232,Fisk University,Tennessee
1233,Welch College,Tennessee
1234,Freed-Hardeman University,Tennessee
1235,King University,Tennessee
1236,Lane College,Tennessee
1237,Le Moyne-Owen College,Tennessee
1238,Lee University,Tennessee
1239,Lincoln Memorial University,Tennessee
1240,Martin Methodist College,Tennessee
1241,Maryville College,Tennessee
1242,University of Memphis,Tennessee
1243,Middle Tennessee State University,Tennessee
1244,Milligan College,Tennessee
1245,Rhodes College,Tennessee
1246,Sewanee-The University of the South,Tennessee
1247,Southern Adventist University,Tennessee
1248,Tennessee Wesleyan College,Tennessee
1249,The University of Tennessee-Chattanooga,Tennessee
1250,The University of Tennessee-Knoxville,Tennessee
1251,The University of Tennessee-Martin,Tennessee
1252,Tennessee State University,Tennessee
1253,Tennessee Technological University,Tennessee
1254,Trevecca Nazarene University,Tennessee
1255,Tusculum College,Tennessee
1256,Union University,Tennessee
1257,Vanderbilt University,Tennessee
1258,Abilene Christian University,Texas
1259,Angelo State University,Texas
1260,Austin College,Texas
1261,Baylor University,Texas
1262,Concordia University-Texas,Texas
1263,Texas A & M University-Corpus Christi,Texas
1264,Dallas Baptist University,Texas
1265,University of Dallas,Texas
1266,East Texas Baptist University,Texas
1267,Texas A & M University-Texarkana,Texas
1268,Texas A & M University-Commerce,Texas
1269,Hardin-Simmons University,Texas
1270,Houston Baptist University,Texas
1271,University of Houston-Clear Lake,Texas
1272,University of Houston-Downtown,Texas
1273,University of Houston-Victoria,Texas
1274,University of Houston,Texas
1275,Howard Payne University,Texas
1276,Huston-Tillotson University,Texas
1277,University of the Incarnate Word,Texas
1278,Jarvis Christian College,Texas
1279,Lamar University,Texas
1280,Texas A & M International University,Texas
1281,LeTourneau University,Texas
1282,Lubbock Christian University,Texas
1283,University of Mary Hardin-Baylor,Texas
1284,McMurry University,Texas
1285,Midwestern State University,Texas
1286,University of North Texas,Texas
1287,Our Lady of the Lake University,Texas
1288,The University of Texas-Pan American,Texas
1289,The University of Texas at Brownsville,Texas
1290,Paul Quinn College,Texas
1291,Prairie View A & M University,Texas
1292,Rice University,Texas
1293,Saint Edward's University,Texas
1294,University of St Thomas,Texas
1295,Sam Houston State University,Texas
1296,Schreiner University,Texas
1297,St Mary's University,Texas
1298,Southern Methodist University,Texas
1299,Southwestern Assemblies of God University,Texas
1300,Southwestern University,Texas
1301,Stephen F Austin State University,Texas
1302,Texas State University,Texas
1303,Southwestern Adventist University,Texas
1304,Southwestern Christian College,Texas
1305,Sul Ross State University,Texas
1306,Tarleton State University,Texas
1307,Texas A & M University-Kingsville,Texas
1308,Texas A & M University-Galveston,Texas
1309,Texas A & M University-College Station,Texas
1310,The University of Texas at Arlington,Texas
1311,The University of Texas at Austin,Texas
1312,The University of Texas at Dallas,Texas
1313,The University of Texas at El Paso,Texas
1314,The University of Texas at Tyler,Texas
1315,Texas Christian University,Texas
1316,Texas College,Texas
1317,Texas Lutheran University,Texas
1318,The University of Texas of the Permian Basin,Texas
1319,The University of Texas at San Antonio,Texas
1320,Texas Southern University,Texas
1321,Texas Tech University,Texas
1322,Texas Wesleyan University,Texas
1323,Texas Woman's University,Texas
1324,Trinity University,Texas
1325,Wayland Baptist University,Texas
1326,West Texas A & M University,Texas
1327,Wiley College,Texas
1328,Brigham Young University-Provo,Utah
1329,Brigham Young University-Hawaii,Hawaii
1330,Dixie State University,Utah
1331,Southern Utah University,Utah
1332,Stevens-Henager College-Ogden,Utah
1333,Stevens-Henager College of Business-Provo,Utah
1334,Utah State University,Utah
1335,Utah Valley University,Utah
1336,University of Utah,Utah
1337,Weber State University,Utah
1338,Westminster College,Utah
1339,Bennington College,Vermont
1340,Burlington College,Vermont
1341,Castleton State College,Vermont
1342,Champlain College,Vermont
1343,Goddard College,Vermont
1344,Green Mountain College,Vermont
1345,Johnson State College,Vermont
1346,Lyndon State College,Vermont
1347,Marlboro College,Vermont
1348,Middlebury College,Vermont
1349,Norwich University,Vermont
1350,Saint Michael's College,Vermont
1351,SIT Graduate Institute,Vermont
1352,College of St Joseph,Vermont
1353,Southern Vermont College,Vermont
1354,Sterling College,Vermont
1355,Vermont Technical College,Vermont
1356,University of Vermont,Vermont
1357,Averett University,Virginia
1358,Bluefield College,Virginia
1359,Bridgewater College,Virginia
1360,College of William and Mary,Virginia
1361,Regent University,Virginia
1362,Christopher Newport University,Virginia
1363,Emory & Henry College,Virginia
1364,Eastern Mennonite University,Virginia
1365,Ferrum College,Virginia
1366,George Mason University,Virginia
1367,Hampden-Sydney College,Virginia
1368,Hampton University,Virginia
1369,Hollins University,Virginia
1370,James Madison University,Virginia
1371,Liberty University,Virginia
1372,Longwood University,Virginia
1373,Lynchburg College,Virginia
1374,Mary Baldwin College,Virginia
1375,University of Mary Washington,Virginia
1376,Marymount University,Virginia
1377,Norfolk State University,Virginia
1378,Old Dominion University,Virginia
1379,Radford University,Virginia
1380,Randolph-Macon College,Virginia
1381,Randolph College,Virginia
1382,University of Richmond,Virginia
1383,Roanoke College,Virginia
1384,Shenandoah University,Virginia
1385,Southern Virginia University,Virginia
1386,Sweet Briar College,Virginia
1387,The University of Virginia's College at Wise,Virginia
1388,Virginia Intermont College,Virginia
1389,Virginia Polytechnic Institute and State University,Virginia
1390,Virginia Commonwealth University,Virginia
1391,University of Virginia-Main Campus,Virginia
1392,Virginia Military Institute,Virginia
1393,Virginia State University,Virginia
1394,Virginia Union University,Virginia
1395,Virginia Wesleyan College,Virginia
1396,Washington and Lee University,Virginia
1397,Central Washington University,Washington
1398,City University of Seattle,Washington
1399,Eastern Washington University,Washington
1400,The Evergreen State College,Washington
1401,Gonzaga University,Washington
1402,Heritage University,Washington
1403,Trinity Lutheran College,Washington
1404,Northwest University,Washington
1405,Pacific Lutheran University,Washington
1406,University of Puget Sound,Washington
1407,Saint Martin's University,Washington
1408,Seattle Pacific University,Washington
1409,Seattle University,Washington
1410,Walla Walla University,Washington
1411,Washington State University,Washington
1412,University of Washington-Seattle Campus,Washington
1413,Western Washington University,Washington
1414,Whitman College,Washington
1415,Whitworth University,Washington
1416,Alderson Broaddus University,West Virginia
1417,Bethany College,West Virginia
1418,Bluefield State College,West Virginia
1419,University of Charleston,West Virginia
1420,Concord University,West Virginia
1421,Davis & Elkins College,West Virginia
1422,Fairmont State University,West Virginia
1423,Glenville State College,West Virginia
1424,Marshall University,West Virginia
1425,Ohio Valley University,West Virginia
1426,West Virginia University at Parkersburg,West Virginia
1427,Shepherd University,West Virginia
1428,West Virginia State University,West Virginia
1429,West Liberty University,West Virginia
1430,West Virginia University Institute of Technology,West Virginia
1431,West Virginia Wesleyan College,West Virginia
1432,West Virginia University,West Virginia
1433,Wheeling Jesuit University,West Virginia
1434,Alverno College,Wisconsin
1435,Beloit College,Wisconsin
1436,Cardinal Stritch University,Wisconsin
1437,Carroll University,Wisconsin
1438,Carthage College,Wisconsin
1439,Concordia University-Wisconsin,Wisconsin
1440,Edgewood College,Wisconsin
1441,Lakeland College,Wisconsin
1442,Lawrence University,Wisconsin
1443,Maranatha Baptist University,Wisconsin
1444,Marian University,Wisconsin
1445,Marquette University,Wisconsin
1446,Milwaukee School of Engineering,Wisconsin
1447,Mount Mary University,Wisconsin
1448,Northland International University,Wisconsin
1449,Northland College,Wisconsin
1450,Ripon College,Wisconsin
1451,Saint Norbert College,Wisconsin
1452,Silver Lake College of the Holy Family,Wisconsin
1453,Viterbo University,Wisconsin
1454,University of Wisconsin-Whitewater,Wisconsin
1455,University of Wisconsin-Eau Claire,Wisconsin
1456,University of Wisconsin-Green Bay,Wisconsin
1457,University of Wisconsin-La Crosse,Wisconsin
1458,Wisconsin Lutheran College,Wisconsin
1459,University of Wisconsin-Oshkosh,Wisconsin
1460,University of Wisconsin-Parkside,Wisconsin
1461,University of Wisconsin-Stout,Wisconsin
1462,University of Wisconsin-Superior,Wisconsin
1463,University of Wisconsin-Madison,Wisconsin
1464,University of Wisconsin-Milwaukee,Wisconsin
1465,University of Wisconsin-Platteville,Wisconsin
1466,University of Wisconsin-River Falls,Wisconsin
1467,University of Wisconsin-Stevens Point,Wisconsin
1468,University of Wyoming,Wyoming
1469,Stanford University,California
1470,Purdue University-Main Campus,Indiana
1471,City College-Fort Lauderdale,Florida
1472,St John's College,New Mexico
1473,Antioch University-Los Angeles,California
1474,Antioch University-Santa Barbara,California
1475,Antioch University-New England,New Hampshire
1476,Antioch University-Seattle,Washington
1477,Antioch University-Midwest,Ohio
1478,Mid-America Christian University,Oklahoma
1479,Brandman University,California
1480,New College of Florida,Florida
1481,Mayo Graduate School,Minnesota
1482,Pennsylvania College of Technology,Pennsylvania
1483,California State University-San Marcos,California
1484,Hodges University,Florida
1485,Remington College-Honolulu Campus,Hawaii
1486,University of Washington-Bothell Campus,Washington
1487,University of Washington-Tacoma Campus,Washington
1488,Baker College of Port Huron,Michigan
1489,Beacon College,Florida
1490,Everglades University,Florida
1491,Soka University of America,California
1492,Baker College of Auburn Hills,Michigan
1493,Baker College of Clinton Township,Michigan
1494,Baker College of Cadillac,Michigan
1495,City College-Gainesville,Florida
1496,California State University-Monterey Bay,California
1497,Baker College of Jackson,Michigan
1498,Baker College Center for Graduate Studies,Michigan
1499,Johnson & Wales University-North Miami,Florida
1500,Trine University-Regional/Non-Traditional Campuses,Indiana
1501,Ottawa University-Milwaukee,Wisconsin
1502,Western Governors University,Utah
1503,Florida Gulf Coast University,Florida
1504,Michigan Jewish Institute,Michigan
1505,City College-Miami,Florida
1506,Stevens-Henager College-Murray,Utah
1507,Johnson & Wales University-Denver,Colorado
1508,Marlboro College-Graduate School,Vermont
1509,San Diego State University-Imperial Valley Campus,California
1510,Nevada State College,Nevada
1511,California State University-Channel Islands,California
1512,Baker College of Allen Park,Michigan
1513,Flagler College-Tallahassee,Florida
1514,Central Methodist University-College of Graduate and Extended Studies,Missouri
1515,Johnson & Wales University-Charlotte,North Carolina
1516,Ave Maria University,Florida
1517,Harrisburg University of Science and Technology,Pennsylvania
1518,Stevens-Henager College-Logan,Utah
1519,Union Graduate College,New York
1520,Georgia Gwinnett College,Georgia
1521,Doane College-Lincoln Grand Island and Master,Nebraska
1522,Shorter University-College of Adult & Professional Programs,Georgia
1523,College America-Colorado Springs,Colorado
1524,The Robert B Miller College,Michigan
1525,University of South Florida-St Petersburg,Florida
1526,University of the West,California
1527,Averett University-Non-Traditional Programs,Virginia
1528,LIU Riverhead,New York
1529,University of South Florida-Sarasota-Manatee,Florida
1530,The Kings College,New York
1531,Ottawa University-Online,Kansas
1532,Providence Christian College,California
1533,Polytechnic University of Puerto Rico-Orlando,Florida
